{"eval_loss": 0.734319806098938, "eval_accuracy": 0.7109295129776001, "eval_runtime": 43.4554, "eval_samples_per_second": 135.173, "eval_steps_per_second": 16.914}