{"eval_loss": 0.6903406977653503, "eval_accuracy": 0.7476000189781189, "eval_runtime": 79.0583, "eval_samples_per_second": 126.489, "eval_steps_per_second": 15.811}