{"eval_loss": 0.32183387875556946, "eval_accuracy": 0.8794999718666077, "eval_runtime": 68.1694, "eval_samples_per_second": 146.693, "eval_steps_per_second": 18.337}