{"eval_loss": 0.7311221957206726, "eval_accuracy": 0.7260810136795044, "eval_runtime": 40.4378, "eval_samples_per_second": 145.26, "eval_steps_per_second": 18.176}