{"eval_loss": 1.5242091417312622, "eval_accuracy": 0.4428125023841858, "eval_runtime": 27.1459, "eval_samples_per_second": 117.882, "eval_steps_per_second": 14.735}