{"eval_loss": 2.5251200199127197, "eval_accuracy": 0.40449437499046326, "eval_runtime": 52.8365, "eval_samples_per_second": 111.173, "eval_steps_per_second": 13.911}