{"eval_loss": 1.0402119159698486, "eval_accuracy": 0.6460999846458435, "eval_runtime": 80.0221, "eval_samples_per_second": 124.966, "eval_steps_per_second": 15.621}