{"eval_loss": 0.6063978672027588, "eval_accuracy": 0.7899217009544373, "eval_runtime": 46.3844, "eval_samples_per_second": 126.637, "eval_steps_per_second": 15.846}