{"eval_loss": 1.881006121635437, "eval_accuracy": 0.49608445167541504, "eval_runtime": 57.0431, "eval_samples_per_second": 102.975, "eval_steps_per_second": 12.885}