{"eval_loss": 2.2466630935668945, "eval_accuracy": 0.2828125059604645, "eval_runtime": 22.5103, "eval_samples_per_second": 142.157, "eval_steps_per_second": 17.77}