{"eval_loss": 0.4266909062862396, "eval_accuracy": 0.8472999930381775, "eval_runtime": 68.4825, "eval_samples_per_second": 146.023, "eval_steps_per_second": 18.253}