{"eval_loss": 3.089627742767334, "eval_accuracy": 0.30531251430511475, "eval_runtime": 25.2853, "eval_samples_per_second": 126.556, "eval_steps_per_second": 15.819}