{"eval_loss": 2.66799259185791, "eval_accuracy": 0.2906250059604645, "eval_runtime": 23.5064, "eval_samples_per_second": 136.133, "eval_steps_per_second": 17.017}