{"eval_loss": 0.3209077715873718, "eval_accuracy": 0.8770999908447266, "eval_runtime": 78.0183, "eval_samples_per_second": 128.175, "eval_steps_per_second": 16.022}