{"eval_loss": 0.29494234919548035, "eval_accuracy": 0.881600022315979, "eval_runtime": 79.5806, "eval_samples_per_second": 125.659, "eval_steps_per_second": 15.707}