{"eval_loss": 2.708864688873291, "eval_accuracy": 0.28968751430511475, "eval_runtime": 23.1333, "eval_samples_per_second": 138.329, "eval_steps_per_second": 17.291}