{"eval_loss": 0.17868749797344208, "eval_accuracy": 0.9375212788581848, "eval_runtime": 40.818, "eval_samples_per_second": 143.907, "eval_steps_per_second": 18.007}