{"eval_loss": 0.286695271730423, "eval_accuracy": 0.8855000138282776, "eval_runtime": 91.2645, "eval_samples_per_second": 109.572, "eval_steps_per_second": 13.696}