{"eval_loss": 1.1000425815582275, "eval_accuracy": 0.3362500071525574, "eval_runtime": 26.8318, "eval_samples_per_second": 119.262, "eval_steps_per_second": 14.908}