{"eval_loss": 0.4693007171154022, "eval_accuracy": 0.82533198595047, "eval_runtime": 72.3464, "eval_samples_per_second": 81.193, "eval_steps_per_second": 10.159}