{"eval_loss": 3.2917656898498535, "eval_accuracy": 0.31562501192092896, "eval_runtime": 23.8801, "eval_samples_per_second": 134.003, "eval_steps_per_second": 16.75}