{"eval_loss": 0.5173627138137817, "eval_accuracy": 0.817799985408783, "eval_runtime": 92.221, "eval_samples_per_second": 108.435, "eval_steps_per_second": 13.554}